name=Africa"Africa-Abidjan"
name=Africa"Africa-Accra"
name=Africa"Africa-Addis_Ababa"
name=Africa"Africa-Algiers"
name=Africa"Africa-Asmara"
name=Africa"Africa-Asmera"
name=Africa"Africa-Bamako"
name=Africa"Africa-Bangui"
name=Africa"Africa-Banjul"
name=Africa"Africa-Bissau"
name=Africa"Africa-Blantyre"
name=Africa"Africa-Brazzaville"
name=Africa"Africa-Bujumbura"
name=Africa"Africa-Cairo"
name=Africa"Africa-Casablanca"
name=Africa"Africa-Ceuta"
name=Africa"Africa-Conakry"
name=Africa"Africa-Dakar"
name=Africa"Africa-Dar_es_Salaam"
name=Africa"Africa-Djibouti"
name=Africa"Africa-Douala"
name=Africa"Africa-El_Aaiun"
name=Africa"Africa-Freetown"
name=Africa"Africa-Gaborone"
name=Africa"Africa-Harare"
name=Africa"Africa-Johannesburg"
name=Africa"Africa-Juba"
name=Africa"Africa-Kampala"
name=Africa"Africa-Khartoum"
name=Africa"Africa-Kigali"
name=Africa"Africa-Kinshasa"
name=Africa"Africa-Lagos"
name=Africa"Africa-Libreville"
name=Africa"Africa-Lome"
name=Africa"Africa-Luanda"
name=Africa"Africa-Lubumbashi"
name=Africa"Africa-Lusaka"
name=Africa"Africa-Malabo"
name=Africa"Africa-Maputo"
name=Africa"Africa-Maseru"
name=Africa"Africa-Mbabane"
name=Africa"Africa-Mogadishu"
name=Africa"Africa-Monrovia"
name=Africa"Africa-Nairobi"
name=Africa"Africa-Ndjamena"
name=Africa"Africa-Niamey"
name=Africa"Africa-Nouakchott"
name=Africa"Africa-Ouagadougou"
name=Africa"Africa-Porto-Novo"
name=Africa"Africa-Sao_Tome"
name=Africa"Africa-Timbuktu"
name=Africa"Africa-Tripoli"
name=Africa"Africa-Tunis"
name=Africa"Africa-Windhoek"
name=America"America-Adak"
name=America"America-Anchorage"
name=America"America-Anguilla"
name=America"America-Antigua"
name=America"America-Araguaina"
name=America"America-Argentina-Buenos_Aires"
name=America"America-Argentina-Catamarca"
name=America"America-Argentina-ComodRivadavia"
name=America"America-Argentina-Cordoba"
name=America"America-Argentina-Jujuy"
name=America"America-Argentina-La_Rioja"
name=America"America-Argentina-Mendoza"
name=America"America-Argentina-Rio_Gallegos"
name=America"America-Argentina-Salta"
name=America"America-Argentina-San_Juan"
name=America"America-Argentina-San_Luis"
name=America"America-Argentina-Tucuman"
name=America"America-Argentina-Ushuaia"
name=America"America-Aruba"
name=America"America-Asuncion"
name=America"America-Atikokan"
name=America"America-Atka"
name=America"America-Bahia"
name=America"America-Bahia_Banderas"
name=America"America-Barbados"
name=America"America-Belem"
name=America"America-Belize"
name=America"America-Blanc-Sablon"
name=America"America-Boa_Vista"
name=America"America-Bogota"
name=America"America-Boise"
name=America"America-Buenos_Aires"
name=America"America-Cambridge_Bay"
name=America"America-Campo_Grande"
name=America"America-Cancun"
name=America"America-Caracas"
name=America"America-Catamarca"
name=America"America-Cayenne"
name=America"America-Cayman"
name=America"America-Chicago"
name=America"America-Chihuahua"
name=America"America-Coral_Harbour"
name=America"America-Cordoba"
name=America"America-Costa_Rica"
name=America"America-Creston"
name=America"America-Cuiaba"
name=America"America-Curacao"
name=America"America-Danmarkshavn"
name=America"America-Dawson"
name=America"America-Dawson_Creek"
name=America"America-Denver"
name=America"America-Detroit"
name=America"America-Dominica"
name=America"America-Edmonton"
name=America"America-Eirunepe"
name=America"America-El_Salvador"
name=America"America-Ensenada"
name=America"America-Fort_Wayne"
name=America"America-Fortaleza"
name=America"America-Glace_Bay"
name=America"America-Godthab"
name=America"America-Goose_Bay"
name=America"America-Grand_Turk"
name=America"America-Grenada"
name=America"America-Guadeloupe"
name=America"America-Guatemala"
name=America"America-Guayaquil"
name=America"America-Guyana"
name=America"America-Halifax"
name=America"America-Havana"
name=America"America-Hermosillo"
name=America"America-Indiana-Indianapolis"
name=America"America-Indiana-Knox"
name=America"America-Indiana-Marengo"
name=America"America-Indiana-Petersburg"
name=America"America-Indiana-Tell_City"
name=America"America-Indiana-Vevay"
name=America"America-Indiana-Vincennes"
name=America"America-Indiana-Winamac"
name=America"America-Indianapolis"
name=America"America-Inuvik"
name=America"America-Iqaluit"
name=America"America-Jamaica"
name=America"America-Jujuy"
name=America"America-Juneau"
name=America"America-Kentucky-Louisville"
name=America"America-Kentucky-Monticello"
name=America"America-Knox_IN"
name=America"America-Kralendijk"
name=America"America-La_Paz"
name=America"America-Lima"
name=America"America-Los_Angeles"
name=America"America-Louisville"
name=America"America-Lower_Princes"
name=America"America-Maceio"
name=America"America-Managua"
name=America"America-Manaus"
name=America"America-Marigot"
name=America"America-Martinique"
name=America"America-Matamoros"
name=America"America-Mazatlan"
name=America"America-Mendoza"
name=America"America-Menominee"
name=America"America-Merida"
name=America"America-Metlakatla"
name=America"America-Mexico_City"
name=America"America-Miquelon"
name=America"America-Moncton"
name=America"America-Monterrey"
name=America"America-Montevideo"
name=America"America-Montreal"
name=America"America-Montserrat"
name=America"America-Nassau"
name=America"America-New_York"
name=America"America-Nipigon"
name=America"America-Nome"
name=America"America-Noronha"
name=America"America-North_Dakota-Beulah"
name=America"America-North_Dakota-Center"
name=America"America-North_Dakota-New_Salem"
name=America"America-Ojinaga"
name=America"America-Panama"
name=America"America-Pangnirtung"
name=America"America-Paramaribo"
name=America"America-Phoenix"
name=America"America-Port-au-Prince"
name=America"America-Port_of_Spain"
name=America"America-Porto_Acre"
name=America"America-Porto_Velho"
name=America"America-Puerto_Rico"
name=America"America-Rainy_River"
name=America"America-Rankin_Inlet"
name=America"America-Recife"
name=America"America-Regina"
name=America"America-Resolute"
name=America"America-Rio_Branco"
name=America"America-Rosario"
name=America"America-Santa_Isabel"
name=America"America-Santarem"
name=America"America-Santiago"
name=America"America-Santo_Domingo"
name=America"America-Sao_Paulo"
name=America"America-Scoresbysund"
name=America"America-Shiprock"
name=America"America-Sitka"
name=America"America-St_Barthelemy"
name=America"America-St_Johns"
name=America"America-St_Kitts"
name=America"America-St_Lucia"
name=America"America-St_Thomas"
name=America"America-St_Vincent"
name=America"America-Swift_Current"
name=America"America-Tegucigalpa"
name=America"America-Thule"
name=America"America-Thunder_Bay"
name=America"America-Tijuana"
name=America"America-Toronto"
name=America"America-Tortola"
name=America"America-Vancouver"
name=America"America-Virgin"
name=America"America-Whitehorse"
name=America"America-Winnipeg"
name=America"America-Yakutat"
name=America"America-Yellowknife"
name=Antarctica"Antarctica-Casey"
name=Antarctica"Antarctica-Davis"
name=Antarctica"Antarctica-DumontDUrville"
name=Antarctica"Antarctica-Macquarie"
name=Antarctica"Antarctica-Mawson"
name=Antarctica"Antarctica-McMurdo"
name=Antarctica"Antarctica-Palmer"
name=Antarctica"Antarctica-Rothera"
name=Antarctica"Antarctica-South_Pole"
name=Antarctica"Antarctica-Syowa"
name=Antarctica"Antarctica-Vostok"
name=Arctic"Arctic-Longyearbyen"
name=Asia"Asia-Aden"
name=Asia"Asia-Almaty"
name=Asia"Asia-Amman"
name=Asia"Asia-Anadyr"
name=Asia"Asia-Aqtau"
name=Asia"Asia-Aqtobe"
name=Asia"Asia-Ashgabat"
name=Asia"Asia-Ashkhabad"
name=Asia"Asia-Baghdad"
name=Asia"Asia-Bahrain"
name=Asia"Asia-Baku"
name=Asia"Asia-Bangkok"
name=Asia"Asia-Beirut"
name=Asia"Asia-Bishkek"
name=Asia"Asia-Brunei"
name=Asia"Asia-Calcutta"
name=Asia"Asia-Choibalsan"
name=Asia"Asia-Chongqing"
name=Asia"Asia-Chungking"
name=Asia"Asia-Colombo"
name=Asia"Asia-Dacca"
name=Asia"Asia-Damascus"
name=Asia"Asia-Dhaka"
name=Asia"Asia-Dili"
name=Asia"Asia-Dubai"
name=Asia"Asia-Dushanbe"
name=Asia"Asia-Gaza"
name=Asia"Asia-Harbin"
name=Asia"Asia-Hebron"
name=Asia"Asia-Ho_Chi_Minh"
name=Asia"Asia-Hong_Kong"
name=Asia"Asia-Hovd"
name=Asia"Asia-Irkutsk"
name=Asia"Asia-Istanbul"
name=Asia"Asia-Jakarta"
name=Asia"Asia-Jayapura"
name=Asia"Asia-Jerusalem"
name=Asia"Asia-Kabul"
name=Asia"Asia-Kamchatka"
name=Asia"Asia-Karachi"
name=Asia"Asia-Kashgar"
name=Asia"Asia-Kathmandu"
name=Asia"Asia-Katmandu"
name=Asia"Asia-Khandyga"
name=Asia"Asia-Kolkata"
name=Asia"Asia-Krasnoyarsk"
name=Asia"Asia-Kuala_Lumpur"
name=Asia"Asia-Kuching"
name=Asia"Asia-Kuwait"
name=Asia"Asia-Macao"
name=Asia"Asia-Macau"
name=Asia"Asia-Magadan"
name=Asia"Asia-Makassar"
name=Asia"Asia-Manila"
name=Asia"Asia-Muscat"
name=Asia"Asia-Nicosia"
name=Asia"Asia-Novokuznetsk"
name=Asia"Asia-Novosibirsk"
name=Asia"Asia-Omsk"
name=Asia"Asia-Oral"
name=Asia"Asia-Phnom_Penh"
name=Asia"Asia-Pontianak"
name=Asia"Asia-Pyongyang"
name=Asia"Asia-Qatar"
name=Asia"Asia-Qyzylorda"
name=Asia"Asia-Rangoon"
name=Asia"Asia-Riyadh"
name=Asia"Asia-Saigon"
name=Asia"Asia-Sakhalin"
name=Asia"Asia-Samarkand"
name=Asia"Asia-Seoul"
name=Asia"Asia-Shanghai"
name=Asia"Asia-Singapore"
name=Asia"Asia-Taipei"
name=Asia"Asia-Tashkent"
name=Asia"Asia-Tbilisi"
name=Asia"Asia-Tehran"
name=Asia"Asia-Tel_Aviv"
name=Asia"Asia-Thimbu"
name=Asia"Asia-Thimphu"
name=Asia"Asia-Tokyo"
name=Asia"Asia-Ujung_Pandang"
name=Asia"Asia-Ulaanbaatar"
name=Asia"Asia-Ulan_Bator"
name=Asia"Asia-Urumqi"
name=Asia"Asia-Ust-Nera"
name=Asia"Asia-Vientiane"
name=Asia"Asia-Vladivostok"
name=Asia"Asia-Yakutsk"
name=Asia"Asia-Yekaterinburg"
name=Asia"Asia-Yerevan"
name=Atlantic"Atlantic-Azores"
name=Atlantic"Atlantic-Bermuda"
name=Atlantic"Atlantic-Canary"
name=Atlantic"Atlantic-Cape_Verde"
name=Atlantic"Atlantic-Faeroe"
name=Atlantic"Atlantic-Faroe"
name=Atlantic"Atlantic-Jan_Mayen"
name=Atlantic"Atlantic-Madeira"
name=Atlantic"Atlantic-Reykjavik"
name=Atlantic"Atlantic-South_Georgia"
name=Atlantic"Atlantic-St_Helena"
name=Atlantic"Atlantic-Stanley"
name=Australia"Australia-ACT"
name=Australia"Australia-Adelaide"
name=Australia"Australia-Brisbane"
name=Australia"Australia-Broken_Hill"
name=Australia"Australia-Canberra"
name=Australia"Australia-Currie"
name=Australia"Australia-Darwin"
name=Australia"Australia-Eucla"
name=Australia"Australia-Hobart"
name=Australia"Australia-LHI"
name=Australia"Australia-Lindeman"
name=Australia"Australia-Lord_Howe"
name=Australia"Australia-Melbourne"
name=Australia"Australia-North"
name=Australia"Australia-NSW"
name=Australia"Australia-Perth"
name=Australia"Australia-Queensland"
name=Australia"Australia-South"
name=Australia"Australia-Sydney"
name=Australia"Australia-Tasmania"
name=Australia"Australia-Victoria"
name=Australia"Australia-West"
name=Australia"Australia-Yancowinna"
name=Europe"Europe-Amsterdam"
name=Europe"Europe-Andorra"
name=Europe"Europe-Athens"
name=Europe"Europe-Belfast"
name=Europe"Europe-Belgrade"
name=Europe"Europe-Berlin"
name=Europe"Europe-Bratislava"
name=Europe"Europe-Brussels"
name=Europe"Europe-Bucharest"
name=Europe"Europe-Budapest"
name=Europe"Europe-Busingen"
name=Europe"Europe-Chisinau"
name=Europe"Europe-Copenhagen"
name=Europe"Europe-Dublin"
name=Europe"Europe-Gibraltar"
name=Europe"Europe-Guernsey"
name=Europe"Europe-Helsinki"
name=Europe"Europe-Isle_of_Man"
name=Europe"Europe-Istanbul"
name=Europe"Europe-Jersey"
name=Europe"Europe-Kaliningrad"
name=Europe"Europe-Kiev"
name=Europe"Europe-Lisbon"
name=Europe"Europe-Ljubljana"
name=Europe"Europe-London"
name=Europe"Europe-Luxembourg"
name=Europe"Europe-Madrid"
name=Europe"Europe-Malta"
name=Europe"Europe-Mariehamn"
name=Europe"Europe-Minsk"
name=Europe"Europe-Monaco"
name=Europe"Europe-Moscow"
name=Europe"Europe-Nicosia"
name=Europe"Europe-Oslo"
name=Europe"Europe-Paris"
name=Europe"Europe-Podgorica"
name=Europe"Europe-Prague"
name=Europe"Europe-Riga"
name=Europe"Europe-Rome"
name=Europe"Europe-Samara"
name=Europe"Europe-San_Marino"
name=Europe"Europe-Sarajevo"
name=Europe"Europe-Simferopol"
name=Europe"Europe-Skopje"
name=Europe"Europe-Sofia"
name=Europe"Europe-Stockholm"
name=Europe"Europe-Tallinn"
name=Europe"Europe-Tirane"
name=Europe"Europe-Tiraspol"
name=Europe"Europe-Uzhgorod"
name=Europe"Europe-Vaduz"
name=Europe"Europe-Vatican"
name=Europe"Europe-Vienna"
name=Europe"Europe-Vilnius"
name=Europe"Europe-Volgograd"
name=Europe"Europe-Warsaw"
name=Europe"Europe-Zagreb"
name=Europe"Europe-Zaporozhye"
name=Europe"Europe-Zurich"
name=Indian"Indian-Antananarivo"
name=Indian"Indian-Chagos"
name=Indian"Indian-Christmas"
name=Indian"Indian-Cocos"
name=Indian"Indian-Comoro"
name=Indian"Indian-Kerguelen"
name=Indian"Indian-Mahe"
name=Indian"Indian-Maldives"
name=Indian"Indian-Mauritius"
name=Indian"Indian-Mayotte"
name=Indian"Indian-Reunion"
name=Pacific"Pacific-Apia"
name=Pacific"Pacific-Auckland"
name=Pacific"Pacific-Chatham"
name=Pacific"Pacific-Chuuk"
name=Pacific"Pacific-Easter"
name=Pacific"Pacific-Efate"
name=Pacific"Pacific-Enderbury"
name=Pacific"Pacific-Fakaofo"
name=Pacific"Pacific-Fiji"
name=Pacific"Pacific-Funafuti"
name=Pacific"Pacific-Galapagos"
name=Pacific"Pacific-Gambier"
name=Pacific"Pacific-Guadalcanal"
name=Pacific"Pacific-Guam"
name=Pacific"Pacific-Honolulu"
name=Pacific"Pacific-Johnston"
name=Pacific"Pacific-Kiritimati"
name=Pacific"Pacific-Kosrae"
name=Pacific"Pacific-Kwajalein"
name=Pacific"Pacific-Majuro"
name=Pacific"Pacific-Marquesas"
name=Pacific"Pacific-Midway"
name=Pacific"Pacific-Nauru"
name=Pacific"Pacific-Niue"
name=Pacific"Pacific-Norfolk"
name=Pacific"Pacific-Noumea"
name=Pacific"Pacific-Pago_Pago"
name=Pacific"Pacific-Palau"
name=Pacific"Pacific-Pitcairn"
name=Pacific"Pacific-Pohnpei"
name=Pacific"Pacific-Ponape"
name=Pacific"Pacific-Port_Moresby"
name=Pacific"Pacific-Rarotonga"
name=Pacific"Pacific-Saipan"
name=Pacific"Pacific-Samoa"
name=Pacific"Pacific-Tahiti"
name=Pacific"Pacific-Tarawa"
name=Pacific"Pacific-Tongatapu"
name=Pacific"Pacific-Truk"
name=Pacific"Pacific-Wake"
name=Pacific"Pacific-Wallis"
name=Pacific"Pacific-Yap"
name=Brazil"Brazil-Acre"
name=Brazil"Brazil-DeNoronha"
name=Brazil"Brazil-East"
name=Brazil"Brazil-West"
name=Canada"Canada-Atlantic"
name=Canada"Canada-Central"
name=Canada"Canada-East-Saskatchewan"
name=Canada"Canada-Eastern"
name=Canada"Canada-Mountain"
name=Canada"Canada-Newfoundland"
name=Canada"Canada-Pacific"
name=Canada"Canada-Saskatchewan"
name=Canada"Canada-Yukon"
name=Chile"Chile-Continental"
name=Chile"Chile-EasterIsland"
name=Mexico"Mexico-BajaNorte"
name=Mexico"Mexico-BajaSur"
name=Mexico"Mexico-General"
name=US"US-Alaska"
name=US"US-Aleutian"
name=US"US-Arizona"
name=US"US-Central"
name=US"US-East-Indiana"
name=US"US-Eastern"
name=US"US-Hawaii"
name=US"US-Indiana-Starke"
name=US"US-Michigan"
name=US"US-Mountain"
name=US"US-Pacific"
name=US"US-Pacific-New"
name=US"US-Samoa"